<code_scheme name="Default" version="173">
  <JavaCodeStyleSettings>
    <option name="LAYOUT_STATIC_IMPORTS_SEPARATELY" value="false" />
    <option name="CLASS_COUNT_TO_USE_IMPORT_ON_DEMAND" value="9999" />
    <option name="NAMES_COUNT_TO_USE_IMPORT_ON_DEMAND" value="39999" />
    <option name="IMPORT_LAYOUT_TABLE">
      <value>
        <package name="" withSubpackages="true" static="false" />
      </value>
    </option>
  </JavaCodeStyleSettings>
  <ScalaCodeStyleSettings>
    <option name="MULTILINE_STRING_CLOSING_QUOTES_ON_NEW_LINE" value="true" />
  </ScalaCodeStyleSettings>
</code_scheme>